"Totala utsläpp av växthusgaser efter växthusgas, sektor och år"

"växthusgas","sektor","1990","1991","1992","1993","1994","1995","1996","1997","1998","1999","2000","2001","2002","2003","2004","2005","2006","2007","2008","2009","2010","2011","2012","2013","2014","2015","2016","2017","2018","2019","2020"
"Totala Växthusgaser (kt CO2-ekv.)","NATIONELL TOTAL (exklusive LULUCF, exklusive internationella transporter)",71441.6,71688.5,71213.3,71510.2,74016.1,73363.5,77313.2,72310.3,72759.3,69684.1,68337.6,69156.5,69871.9,70231.1,69656.8,66827.5,66441.4,65324.0,62952.5,58680.2,64713.6,60371.6,57508.6,55843.0,53944.0,54106.0,53701.7,53100.5,52149.8,50810.6,46284.8
"Totala Växthusgaser (kt CO2-ekv.)","NATIONELL TOTAL (exklusive LULUCF, inklusive internationella transporter)",75166.7,75443.5,75119.1,75664.3,78808.5,78234.2,82412.2,78226.6,79553.1,76639.1,75193.7,75845.2,75717.5,77521.4,78070.9,75521.9,75645.7,74647.6,72333.7,68141.1,73794.0,68504.6,65283.4,63365.1,61933.7,62152.8,62681.5,63300.7,60716.1,60448.2,55545.7
"Totala Växthusgaser (kt CO2-ekv.)","NATIONELL TOTAL (inklusive LULUCF, exklusive internationella transporter)",34850.5,35629.6,35857.8,40028.4,40373.0,36887.1,38844.1,32771.6,32214.3,29456.0,26597.7,26566.1,27947.7,31713.9,37418.0,34823.3,25081.5,30049.4,21820.1,17473.7,21670.7,17354.1,14044.8,14522.3,12796.1,15639.8,14827.9,18335.0,17634.8,14074.2,6520.2
"Totala Växthusgaser (kt CO2-ekv.)","NATIONELL TOTAL (inklusive LULUCF, inklusive internationella transporter)",38575.6,39384.5,39763.6,44182.5,45165.4,41757.8,43943.1,38688.0,39008.1,36411.0,33453.8,33254.8,33793.3,39004.2,45832.1,43517.7,34285.8,39373.0,31201.3,26934.7,30751.0,25487.0,21819.6,22044.4,20785.8,23686.5,23807.7,28535.1,26201.0,23711.9,15781.2
"Totala Växthusgaser (kt CO2-ekv.)","ARBETSMASKINER, TOTALT",3927.0,3964.1,4382.5,4159.0,4208.2,3978.6,3878.8,3929.6,3915.2,3716.8,3530.3,3385.2,3557.5,3587.9,3627.5,3637.2,3614.7,3526.1,3469.5,3489.9,3558.2,3557.1,3438.6,3377.7,3262.6,3289.1,3104.6,3102.2,3026.0,3200.6,3219.1
"Totala Växthusgaser (kt CO2-ekv.)","AVFALL, TOTALT",3741.9,3807.4,3819.5,3698.7,3567.7,3561.6,3535.2,3500.8,3448.1,3317.4,3222.1,3171.4,2997.5,2868.4,2853.4,2717.2,2620.2,2443.0,2184.0,2092.3,1970.6,1876.0,1746.2,1637.3,1506.9,1398.1,1323.3,1268.2,1192.4,1081.2,1017.1
"Totala Växthusgaser (kt CO2-ekv.)","EL OCH FJÄRRVÄRME, TOTALT",6484.4,7509.1,7997.2,7883.2,8499.2,7573.6,11665.4,7148.2,7981.5,6241.0,4957.1,5808.4,6849.6,7838.1,6837.7,5952.3,6019.5,5850.6,5495.6,6679.0,8687.5,6449.5,5851.1,5689.8,4537.3,4725.0,5105.0,4600.3,4937.4,4560.8,3520.8
"Totala Växthusgaser (kt CO2-ekv.)","INDUSTRI, TOTALT",20777.5,20569.6,19118.3,20335.6,21591.6,22390.6,22424.3,22416.8,22166.7,21177.9,21581.0,22335.8,22170.6,21760.9,21928.1,21176.9,21650.6,20857.2,20130.9,15737.8,19366.3,18206.6,17497.6,16669.9,16572.5,16617.8,16846.4,17116.4,16828.1,16227.8,14436.4
"Totala Växthusgaser (kt CO2-ekv.)","INRIKES TRANSPORTER, TOTALT",18974.9,18890.6,19783.3,18998.2,19586.6,19697.1,19425.2,19490.5,19606.0,19961.0,19807.0,19967.8,20410.7,20619.3,20956.4,21208.8,21167.9,21483.0,21001.8,20570.7,20723.9,20332.2,19217.3,18777.3,18362.8,18441.4,17764.1,17340.6,16894.9,16627.9,15032.6
"Totala Växthusgaser (kt CO2-ekv.)","UTRIKES TRANSPORTER, TOTALT",3725.2,3754.9,3905.8,4154.1,4792.4,4870.7,5099.0,5916.3,6793.8,6955.0,6856.1,6688.7,5845.6,7290.2,8414.1,8694.4,9204.3,9323.6,9381.2,9460.9,9080.3,8133.0,7774.8,7522.1,7989.6,8046.8,8979.8,10200.1,8566.2,9637.6,9261.0
"Totala Växthusgaser (kt CO2-ekv.)","JORDBRUK, TOTALT",7664.3,7332.9,7277.5,7607.9,7751.4,7589.8,7680.5,7706.4,7587.0,7460.9,7434.0,7405.1,7264.1,7175.0,7196.3,7045.4,6914.5,6930.3,6969.1,6725.8,6844.9,6838.4,6764.6,6840.9,6898.7,6923.3,6890.3,7053.9,6878.8,6823.6,6930.5
"Totala Växthusgaser (kt CO2-ekv.)","LÖSNINGSMEDEL OCH ÖVRIG PRODUKTANVÄNDNING, TOTALT",565.1,506.8,489.9,516.1,501.7,647.2,713.7,937.9,998.7,1223.0,1339.7,1441.4,1516.9,1578.5,1749.5,1755.8,1736.0,1745.0,1792.1,1724.1,1730.1,1650.5,1698.5,1680.8,1702.8,1686.6,1702.8,1697.5,1576.2,1485.3,1435.7
"Totala Växthusgaser (kt CO2-ekv.)","EGEN UPPVÄRMNING AV BOSTÄDER OCH LOKALER, TOTALT",9306.4,9107.9,8345.1,8311.6,8309.7,7925.0,7990.1,7180.1,7056.3,6586.0,6466.4,5641.5,5104.9,4802.9,4508.0,3334.0,2718.0,2488.7,1909.5,1660.6,1832.1,1461.6,1294.7,1169.3,1100.4,1024.5,965.2,921.3,815.8,803.3,692.6
"Totala Växthusgaser (kt CO2-ekv.)","MARKANVÄNDNING, FÖRÄNDRAD MARKANVÄNDNING OCH SKOGSBRUK (LULUCF), TOTALT",-36591.1,-36058.9,-35355.5,-31481.8,-33643.1,-36476.4,-38469.1,-39538.7,-40545.0,-40228.0,-41739.9,-42590.4,-41924.1,-38517.2,-32238.9,-32004.2,-41359.9,-35274.6,-41132.4,-41206.4,-43042.9,-43017.6,-43463.8,-41320.6,-41147.9,-38466.2,-38873.8,-34765.6,-34515.1,-36736.4,-39764.5
"Koldioxid (CO2) (kt)","NATIONELL TOTAL (exklusive LULUCF, exklusive internationella transporter)",57580.1,57950.6,57688.9,57726.0,60186.6,59605.1,63521.8,58425.4,58893.2,56031.8,54890.7,55822.0,56791.6,57371.5,56682.9,54066.1,53885.1,53152.0,51070.5,47421.5,53287.3,49405.2,46918.6,45351.3,43477.9,43741.7,43416.0,42704.2,42094.9,40982.5,36515.1
"Koldioxid (CO2) (kt)","NATIONELL TOTAL (exklusive LULUCF, inklusive internationella transporter)",61248.5,61647.7,61532.6,61816.4,64906.1,64401.5,68542.6,64250.6,65582.0,62880.6,61642.5,62409.5,62548.2,64551.1,64971.1,62629.6,62950.9,62336.9,60313.8,56742.7,62232.1,57416.6,54576.6,52760.6,51346.7,51659.7,52256.1,52746.7,50523.3,50464.0,45620.0
"Koldioxid (CO2) (kt)","NATIONELL TOTAL (inklusive LULUCF, exklusive internationella transporter)",19319.1,20236.5,20682.8,24587.1,24884.6,21458.9,23382.2,17207.4,16674.2,14111.0,11448.0,11524.3,13154.3,17145.6,22737.7,20355.9,10816.9,16166.5,8259.1,4582.3,8595.1,4797.1,1916.6,2489.3,746.7,3682.5,2928.6,6292.4,5815.4,2526.4,-4960.6
"Koldioxid (CO2) (kt)","NATIONELL TOTAL (inklusive LULUCF, inklusive internationella transporter)",22987.5,23933.6,24526.5,28677.5,29604.2,26255.4,28402.9,23032.6,23363.0,20959.8,18199.9,18111.8,18910.9,24325.3,31025.9,28919.4,19882.8,25351.4,17502.4,13903.6,17539.9,12808.6,9574.6,9898.6,8615.5,11600.5,11768.7,16334.9,14243.8,12007.9,4144.3
"Koldioxid (CO2) (kt)","ARBETSMASKINER, TOTALT",3862.6,3897.2,4315.4,4098.1,4149.9,3921.3,3821.3,3872.9,3860.4,3663.3,3477.4,3334.6,3506.4,3537.2,3577.1,3587.7,3563.6,3475.0,3419.0,3439.1,3508.8,3507.5,3389.5,3329.0,3213.8,3239.9,3054.6,3051.0,2973.9,3147.2,3163.7
"Koldioxid (CO2) (kt)","AVFALL, TOTALT",43.9,52.2,58.3,48.0,49.1,42.7,49.1,50.6,49.2,48.2,44.4,47.5,60.7,81.3,94.3,94.9,88.9,98.5,102.7,105.5,100.2,105.4,126.3,123.8,122.2,118.8,123.3,132.3,127.9,119.8,112.9
"Koldioxid (CO2) (kt)","EL OCH FJÄRRVÄRME, TOTALT",6350.9,7347.0,7832.1,7706.5,8319.6,7386.3,11458.6,6983.2,7804.6,6072.6,4793.0,5616.2,6641.1,7614.9,6590.0,5694.2,5752.4,5575.0,5209.0,6373.4,8350.3,6156.2,5563.5,5385.1,4266.3,4442.3,4827.6,4309.1,4641.4,4283.9,3291.8
"Koldioxid (CO2) (kt)","INDUSTRI, TOTALT",19063.0,18783.8,17540.6,18711.9,19942.0,20772.2,20902.3,20929.6,20611.3,19686.4,20200.0,21073.6,20923.7,20581.0,20740.1,19934.0,20415.2,19794.1,19170.1,15066.8,18531.6,17624.4,17017.0,16250.3,16124.7,16236.4,16447.4,16726.8,16445.0,15856.6,14077.9
"Koldioxid (CO2) (kt)","INRIKES TRANSPORTER, TOTALT",18637.5,18547.6,19436.4,18658.0,19241.5,19347.2,19082.7,19151.1,19292.6,19648.6,19569.4,19750.0,20207.6,20427.7,20775.2,21032.2,20998.9,21320.7,20840.3,20411.9,20561.4,20171.1,19053.1,18607.3,18186.1,18253.4,17560.9,17129.7,16672.5,16397.2,14802.7
"Koldioxid (CO2) (kt)","UTRIKES TRANSPORTER, TOTALT",3668.4,3697.1,3843.7,4090.4,4719.5,4796.4,5020.7,5825.3,6688.8,6848.8,6751.9,6587.5,5756.6,7179.6,8288.2,8563.5,9065.8,9184.9,9243.3,9321.2,8944.8,8011.5,7658.0,7409.3,7868.8,7918.0,8840.1,10042.5,8428.4,9481.5,9104.9
"Koldioxid (CO2) (kt)","JORDBRUK, TOTALT",177.8,140.5,112.9,134.4,161.2,172.9,197.3,178.4,133.8,160.3,159.7,140.0,133.3,129.9,123.2,116.5,89.6,115.6,104.6,114.5,123.8,123.9,142.1,142.6,123.3,124.5,128.1,127.5,128.5,122.8,122.6
"Koldioxid (CO2) (kt)","LÖSNINGSMEDEL OCH ÖVRIG PRODUKTANVÄNDNING, TOTALT",393.0,331.2,294.9,307.3,257.0,284.9,269.0,309.6,300.8,367.9,381.3,404.3,400.1,388.4,462.7,452.6,425.5,450.1,476.2,414.2,441.7,417.4,488.1,495.1,483.0,439.7,449.7,447.0,411.6,372.4,370.1
"Koldioxid (CO2) (kt)","EGEN UPPVÄRMNING AV BOSTÄDER OCH LOKALER, TOTALT",9051.5,8851.0,8098.3,8061.8,8066.4,7677.6,7741.5,6949.8,6840.7,6384.6,6265.5,5455.7,4918.6,4611.0,4320.2,3153.9,2551.0,2323.0,1748.4,1496.1,1669.4,1299.4,1138.9,1018.2,958.6,886.8,824.3,780.7,694.0,682.6,573.4
"Koldioxid (CO2) (kt)","MARKANVÄNDNING, FÖRÄNDRAD MARKANVÄNDNING OCH SKOGSBRUK (LULUCF), TOTALT",-38261.0,-37714.1,-37006.1,-33138.9,-35301.9,-38146.1,-40139.6,-41218.0,-42219.0,-41920.8,-43442.6,-44297.6,-43637.3,-40225.9,-33945.2,-33710.2,-43068.2,-36985.5,-42811.4,-42839.1,-44692.3,-44608.1,-45001.9,-42862.1,-42731.2,-40059.2,-40487.4,-36411.8,-36279.5,-38456.1,-41475.7
"Biogen koldioxid (CO2) från bränslen (kt)","NATIONELL TOTAL (exklusive LULUCF, exklusive internationella transporter)",21027.9,23523.6,24285.3,25842.5,27961.5,28843.4,30676.4,30440.6,30646.6,30521.4,29004.0,32609.3,34071.1,34269.2,35482.5,36448.3,38195.4,39548.9,40761.6,41392.7,45947.7,41958.7,43007.4,43888.2,42675.7,44104.7,46307.2,47870.6,47251.1,47861.9,47346.4
"Biogen koldioxid (CO2) från bränslen (kt)","NATIONELL TOTAL (exklusive LULUCF, inklusive internationella transporter)",21027.9,23523.6,24285.3,25842.5,27961.5,28843.4,30676.4,30440.6,30646.6,30521.4,29004.0,32609.3,34071.1,34269.2,35482.5,36448.3,38195.4,39548.9,40761.6,41392.7,45947.7,41958.7,43007.4,43888.2,42675.7,44104.7,46307.2,47870.6,47251.1,47861.9,47346.4
"Biogen koldioxid (CO2) från bränslen (kt)","NATIONELL TOTAL (inklusive LULUCF, exklusive internationella transporter)",21027.9,23523.6,24285.3,25842.5,27961.5,28843.4,30676.4,30440.6,30646.6,30521.4,29004.0,32609.3,34071.1,34269.2,35482.5,36448.3,38195.4,39548.9,40761.6,41392.7,45947.7,41958.7,43007.4,43888.2,42675.7,44104.7,46307.2,47870.6,47251.1,47861.9,47346.4
"Biogen koldioxid (CO2) från bränslen (kt)","NATIONELL TOTAL (inklusive LULUCF, inklusive internationella transporter)",21027.9,23523.6,24285.3,25842.5,27961.5,28843.4,30676.4,30440.6,30646.6,30521.4,29004.0,32609.3,34071.1,34269.2,35482.5,36448.3,38195.4,39548.9,40761.6,41392.7,45947.7,41958.7,43007.4,43888.2,42675.7,44104.7,46307.2,47870.6,47251.1,47861.9,47346.4
"Biogen koldioxid (CO2) från bränslen (kt)","ARBETSMASKINER, TOTALT",..,..,..,..,..,..,..,..,8.3,8.9,4.7,3.6,5.6,8.6,15.9,16.9,50.6,85.0,103.6,126.2,129.9,158.8,222.0,292.2,426.1,538.5,726.8,830.2,896.5,900.2,970.7
"Biogen koldioxid (CO2) från bränslen (kt)","AVFALL, TOTALT",..,..,..,..,..,..,..,..,..,..,..,..,..,39.6,46.0,46.2,43.3,48.0,50.1,52.5,51.8,55.9,35.9,33.7,33.3,32.0,25.1,25.1,25.5,24.3,23.2
"Biogen koldioxid (CO2) från bränslen (kt)","EL OCH FJÄRRVÄRME, TOTALT",2158.2,2565.7,2547.5,3709.2,4652.8,5693.5,7907.3,6718.3,7102.0,7654.7,7421.9,8832.9,9769.1,10688.7,10249.5,11637.0,12103.8,12337.7,13592.4,14607.2,16489.9,14551.4,15025.0,15403.9,14200.2,14414.0,15359.0,15803.1,15709.0,15977.8,14547.1
"Biogen koldioxid (CO2) från bränslen (kt)","INDUSTRI, TOTALT",14693.9,16678.4,17409.6,17612.8,19010.4,18633.3,18173.5,19385.5,19488.4,18932.0,17561.8,19807.2,20036.8,18718.5,20237.4,19607.1,20946.6,21449.5,21128.9,20375.6,23006.4,20611.7,21002.6,21366.1,20967.6,21676.5,21824.1,22320.8,21963.6,22582.0,23438.6
"Biogen koldioxid (CO2) från bränslen (kt)","INRIKES TRANSPORTER, TOTALT",2.1,3.0,3.8,4.4,6.6,9.0,13.1,16.7,45.2,50.1,58.6,80.9,140.5,251.2,449.5,467.4,632.4,819.4,986.5,1031.1,1120.6,1314.2,1563.2,1815.4,2353.1,2814.8,3567.1,4038.5,4392.7,4162.0,4136.6
"Biogen koldioxid (CO2) från bränslen (kt)","UTRIKES TRANSPORTER, TOTALT",..,..,..,..,..,..,..,..,..,..,..,..,..,..,..,..,..,..,..,..,..,..,..,..,..,..,..,..,..,..,..
"Biogen koldioxid (CO2) från bränslen (kt)","JORDBRUK, TOTALT",..,..,..,..,..,..,..,..,..,..,..,..,..,..,..,..,..,..,..,..,..,..,..,..,..,..,..,..,..,..,..
"Biogen koldioxid (CO2) från bränslen (kt)","LÖSNINGSMEDEL OCH ÖVRIG PRODUKTANVÄNDNING, TOTALT",..,..,..,..,..,..,..,..,..,..,..,..,..,..,..,..,..,..,..,..,..,..,..,..,..,..,..,..,..,..,..
"Biogen koldioxid (CO2) från bränslen (kt)","EGEN UPPVÄRMNING AV BOSTÄDER OCH LOKALER, TOTALT",4173.6,4276.6,4324.5,4516.1,4291.7,4507.6,4582.5,4320.1,4002.6,3875.8,3957.0,3884.8,4119.0,4562.7,4484.2,4673.6,4418.7,4809.4,4900.2,5200.1,5149.1,5266.7,5158.7,4976.9,4695.4,4629.0,4805.0,4852.8,4263.7,4215.6,4230.2
"Biogen koldioxid (CO2) från bränslen (kt)","MARKANVÄNDNING, FÖRÄNDRAD MARKANVÄNDNING OCH SKOGSBRUK (LULUCF), TOTALT",..,..,..,..,..,..,..,..,..,..,..,..,..,..,..,..,..,..,..,..,..,..,..,..,..,..,..,..,..,..,..
"Metan (CH4) (t)","NATIONELL TOTAL (exklusive LULUCF, exklusive internationella transporter)",296592.6,296236.0,301311.9,300204.3,297590.5,294067.4,294535.6,291994.3,287811.5,280043.7,273454.6,270614.9,260538.0,251995.3,252790.3,245112.3,240368.3,229971.8,219017.5,213036.6,208479.7,202213.4,194983.4,191339.7,185436.1,180750.5,177644.6,176283.9,172833.3,167185.6,164407.9
"Metan (CH4) (t)","NATIONELL TOTAL (exklusive LULUCF, inklusive internationella transporter)",296625.6,296267.5,301342.8,300238.1,297628.6,294113.7,294577.9,292040.9,287865.6,280098.3,273505.7,270663.1,260578.9,252045.8,252849.5,245173.5,240435.2,230037.4,219090.6,213109.9,208548.8,202276.8,195044.2,191398.6,185497.5,180803.5,177705.4,176350.6,173239.1,167658.7,164891.0
"Metan (CH4) (t)","NATIONELL TOTAL (inklusive LULUCF, exklusive internationella transporter)",315133.9,314754.3,319816.1,318732.5,316116.2,312620.8,313041.1,310859.5,306231.6,298678.1,292100.3,289269.7,279256.8,270614.1,271247.6,263558.1,258952.5,248075.3,237382.8,230661.8,226011.8,219528.0,211931.9,208340.7,203589.7,197957.9,195005.1,193743.0,192784.5,185088.9,182106.6
"Metan (CH4) (t)","NATIONELL TOTAL (inklusive LULUCF, inklusive internationella transporter)",315166.9,314785.8,319847.0,318766.4,316154.3,312667.1,313083.4,310906.1,306285.8,298732.8,292151.4,289317.9,279297.7,270664.6,271306.8,263619.2,259019.4,248140.9,237455.9,230735.1,226080.9,219591.5,211992.6,208399.6,203651.1,198010.9,195066.0,193809.6,193190.3,185562.0,182589.7
"Metan (CH4) (t)","ARBETSMASKINER, TOTALT",528.7,532.6,528.6,514.6,511.9,513.5,514.8,517.5,518.0,515.7,509.5,497.7,499.3,497.0,497.9,487.4,528.4,542.4,546.4,527.6,500.8,465.6,429.5,397.6,377.9,364.5,359.2,354.2,345.1,333.1,326.8
"Metan (CH4) (t)","AVFALL, TOTALT",138655.7,140895.8,141091.4,136566.1,131167.4,130985.8,129863.4,128600.4,126638.7,121421.7,117729.4,115636.4,108175.6,102087.3,100990.7,94876.1,91238.4,83669.1,72992.1,69061.2,64591.6,60253.0,54643.7,50553.0,45592.5,41637.1,38457.2,35978.3,33440.1,29345.8,27124.5
"Metan (CH4) (t)","EL OCH FJÄRRVÄRME, TOTALT",624.2,717.4,572.6,699.4,800.3,824.5,1112.2,918.5,977.3,967.1,923.0,1124.8,1257.3,1373.2,1361.7,1501.8,1636.8,1630.0,1742.6,1948.6,2189.8,1819.1,1868.1,1891.7,1654.7,1666.4,1821.1,1820.2,1880.1,1868.8,1816.8
"Metan (CH4) (t)","INDUSTRI, TOTALT",5155.5,5705.4,5759.2,5814.4,6004.1,5508.7,5344.5,5271.0,5415.0,5248.1,5041.8,5517.7,5186.9,4548.5,5030.3,4645.8,4641.3,4650.3,4143.6,3952.7,3794.4,3637.5,3920.0,3667.4,3331.8,3263.6,3224.2,3162.3,3045.6,3036.8,3105.0
"Metan (CH4) (t)","INRIKES TRANSPORTER, TOTALT",6501.1,6786.4,6345.6,5558.7,5762.8,5295.7,5146.8,4637.0,4387.5,4062.9,3603.1,3337.5,3088.1,2869.4,2637.3,2498.7,2315.1,2156.7,2011.4,1864.9,1716.6,1526.1,1207.8,1167.4,1122.5,1103.3,1120.6,1108.0,1121.3,1503.1,1838.8
"Metan (CH4) (t)","UTRIKES TRANSPORTER, TOTALT",33.0,31.5,30.8,33.8,38.2,46.3,42.3,46.6,54.2,54.6,51.1,48.2,40.8,50.6,59.2,61.1,66.9,65.7,73.2,73.3,69.1,63.5,60.7,59.0,61.3,53.0,60.8,66.6,405.8,473.1,483.1
"Metan (CH4) (t)","JORDBRUK, TOTALT",140794.0,137165.9,142570.3,146577.3,148976.6,146322.2,147915.4,147726.5,145773.3,144140.1,141982.0,141081.4,138872.6,137120.6,138779.1,137665.7,136708.1,134218.0,134571.7,132641.1,132682.7,131526.0,130112.6,130888.2,130734.1,130235.3,130125.1,131371.8,130864.6,128952.1,128106.7
"Metan (CH4) (t)","LÖSNINGSMEDEL OCH ÖVRIG PRODUKTANVÄNDNING, TOTALT",..,..,..,..,..,..,..,..,..,..,..,..,..,..,..,..,..,..,..,..,..,..,..,..,..,..,..,..,..,..,..
"Metan (CH4) (t)","EGEN UPPVÄRMNING AV BOSTÄDER OCH LOKALER, TOTALT",4333.3,4432.6,4444.1,4473.9,4367.4,4617.0,4638.5,4323.3,4101.6,3688.1,3665.8,3419.5,3458.3,3499.3,3493.2,3436.9,3300.1,3105.2,3009.8,3040.5,3003.8,2986.2,2801.7,2774.2,2622.7,2480.3,2537.3,2489.2,2136.5,2145.9,2089.4
"Metan (CH4) (t)","MARKANVÄNDNING, FÖRÄNDRAD MARKANVÄNDNING OCH SKOGSBRUK (LULUCF), TOTALT",18541.3,18518.3,18504.2,18528.3,18525.7,18553.4,18505.4,18865.3,18420.2,18634.4,18645.7,18654.8,18718.8,18618.8,18457.3,18445.8,18584.2,18103.5,18365.3,17625.2,17532.2,17314.6,16948.4,17001.0,18153.6,17207.4,17360.5,17459.1,19951.2,17903.3,17698.6
"Metan (CH4) (kt CO2-ekv.)","NATIONELL TOTAL (exklusive LULUCF, exklusive internationella transporter)",7414.8,7405.9,7532.8,7505.1,7439.8,7351.7,7363.4,7299.9,7195.3,7001.1,6836.4,6765.4,6513.5,6299.9,6319.8,6127.8,6009.2,5749.3,5475.4,5325.9,5212.0,5055.3,4874.6,4783.5,4635.9,4518.8,4441.1,4407.1,4320.8,4179.6,4110.2
"Metan (CH4) (kt CO2-ekv.)","NATIONELL TOTAL (exklusive LULUCF, inklusive internationella transporter)",7415.6,7406.7,7533.6,7506.0,7440.7,7352.8,7364.4,7301.0,7196.6,7002.5,6837.6,6766.6,6514.5,6301.1,6321.2,6129.3,6010.9,5750.9,5477.3,5327.7,5213.7,5056.9,4876.1,4785.0,4637.4,4520.1,4442.6,4408.8,4331.0,4191.5,4122.3
"Metan (CH4) (kt CO2-ekv.)","NATIONELL TOTAL (inklusive LULUCF, exklusive internationella transporter)",7878.3,7868.9,7995.4,7968.3,7902.9,7815.5,7826.0,7771.5,7655.8,7467.0,7302.5,7231.7,6981.4,6765.4,6781.2,6589.0,6473.8,6201.9,5934.6,5766.5,5650.3,5488.2,5298.3,5208.5,5089.7,4948.9,4875.1,4843.6,4819.6,4627.2,4552.7
"Metan (CH4) (kt CO2-ekv.)","NATIONELL TOTAL (inklusive LULUCF, inklusive internationella transporter)",7879.2,7869.6,7996.2,7969.2,7903.9,7816.7,7827.1,7772.7,7657.1,7468.3,7303.8,7232.9,6982.4,6766.6,6782.7,6590.5,6475.5,6203.5,5936.4,5768.4,5652.0,5489.8,5299.8,5210.0,5091.3,4950.3,4876.6,4845.2,4829.8,4639.0,4564.7
"Metan (CH4) (kt CO2-ekv.)","ARBETSMASKINER, TOTALT",13.2,13.3,13.2,12.9,12.8,12.8,12.9,12.9,13.0,12.9,12.7,12.4,12.5,12.4,12.4,12.2,13.2,13.6,13.7,13.2,12.5,11.6,10.7,9.9,9.4,9.1,9.0,8.9,8.6,8.3,8.2
"Metan (CH4) (kt CO2-ekv.)","AVFALL, TOTALT",3466.4,3522.4,3527.3,3414.2,3279.2,3274.6,3246.6,3215.0,3166.0,3035.5,2943.2,2890.9,2704.4,2552.2,2524.8,2371.9,2281.0,2091.7,1824.8,1726.5,1614.8,1506.3,1366.1,1263.8,1139.8,1040.9,961.4,899.5,836.0,733.6,678.1
"Metan (CH4) (kt CO2-ekv.)","EL OCH FJÄRRVÄRME, TOTALT",15.6,17.9,14.3,17.5,20.0,20.6,27.8,23.0,24.4,24.2,23.1,28.1,31.4,34.3,34.0,37.5,40.9,40.8,43.6,48.7,54.7,45.5,46.7,47.3,41.4,41.7,45.5,45.5,47.0,46.7,45.4
"Metan (CH4) (kt CO2-ekv.)","INDUSTRI, TOTALT",128.9,142.6,144.0,145.4,150.1,137.7,133.6,131.8,135.4,131.2,126.0,137.9,129.7,113.7,125.8,116.1,116.0,116.3,103.6,98.8,94.9,90.9,98.0,91.7,83.3,81.6,80.6,79.1,76.1,75.9,77.6
"Metan (CH4) (kt CO2-ekv.)","INRIKES TRANSPORTER, TOTALT",162.5,169.7,158.6,139.0,144.1,132.4,128.7,115.9,109.7,101.6,90.1,83.4,77.2,71.7,65.9,62.5,57.9,53.9,50.3,46.6,42.9,38.2,30.2,29.2,28.1,27.6,28.0,27.7,28.0,37.6,46.0
"Metan (CH4) (kt CO2-ekv.)","UTRIKES TRANSPORTER, TOTALT",0.8,0.8,0.8,0.8,1.0,1.2,1.1,1.2,1.4,1.4,1.3,1.2,1.0,1.3,1.5,1.5,1.7,1.6,1.8,1.8,1.7,1.6,1.5,1.5,1.5,1.3,1.5,1.7,10.1,11.8,12.1
"Metan (CH4) (kt CO2-ekv.)","JORDBRUK, TOTALT",3519.9,3429.1,3564.3,3664.4,3724.4,3658.1,3697.9,3693.2,3644.3,3603.5,3549.6,3527.0,3471.8,3428.0,3469.5,3441.6,3417.7,3355.4,3364.3,3316.0,3317.1,3288.1,3252.8,3272.2,3268.4,3255.9,3253.1,3284.3,3271.6,3223.8,3202.7
"Metan (CH4) (kt CO2-ekv.)","LÖSNINGSMEDEL OCH ÖVRIG PRODUKTANVÄNDNING, TOTALT",..,..,..,..,..,..,..,..,..,..,..,..,..,..,..,..,..,..,..,..,..,..,..,..,..,..,..,..,..,..,..
"Metan (CH4) (kt CO2-ekv.)","EGEN UPPVÄRMNING AV BOSTÄDER OCH LOKALER, TOTALT",108.3,110.8,111.1,111.8,109.2,115.4,116.0,108.1,102.5,92.2,91.6,85.5,86.5,87.5,87.3,85.9,82.5,77.6,75.2,76.0,75.1,74.7,70.0,69.4,65.6,62.0,63.4,62.2,53.4,53.6,52.2
"Metan (CH4) (kt CO2-ekv.)","MARKANVÄNDNING, FÖRÄNDRAD MARKANVÄNDNING OCH SKOGSBRUK (LULUCF), TOTALT",463.5,463.0,462.6,463.2,463.1,463.8,462.6,471.6,460.5,465.9,466.1,466.4,468.0,465.5,461.4,461.1,464.6,452.6,459.1,440.6,438.3,432.9,423.7,425.0,453.8,430.2,434.0,436.5,498.8,447.6,442.5
"Lustgas (N2O) (t)","NATIONELL TOTAL (exklusive LULUCF, exklusive internationella transporter)",19361.3,18940.9,18411.7,19115.3,19211.6,18803.5,18840.7,18858.4,18977.6,18244.0,17940.5,17535.5,17131.1,17001.3,17024.6,16662.9,16467.5,15922.1,16200.0,15637.1,16205.5,15217.0,15086.1,15228.6,15433.6,15555.5,15494.7,16128.8,15423.0,15348.5,15492.2
"Lustgas (N2O) (t)","NATIONELL TOTAL (exklusive LULUCF, inklusive internationella transporter)",19548.8,19132.3,18617.4,19326.1,19453.0,19048.7,19099.9,19160.1,19325.4,18596.0,18285.9,17871.0,17426.3,17368.2,17442.1,17096.9,16926.4,16381.9,16656.4,16099.7,16654.5,15619.4,15473.0,15602.3,15834.0,15983.1,15958.6,16652.3,15851.6,15832.7,15975.5
"Lustgas (N2O) (t)","NATIONELL TOTAL (inklusive LULUCF, exklusive internationella transporter)",23409.7,22941.5,22398.3,23121.4,23224.0,22850.2,22894.1,22911.0,23049.6,22361.1,22090.1,21699.3,21309.6,21173.0,21202.0,20840.4,20640.9,20144.7,20293.3,19637.3,20269.5,19101.7,18826.0,18974.9,19223.9,19457.5,19453.0,20188.5,19670.1,19617.4,19749.6
"Lustgas (N2O) (t)","NATIONELL TOTAL (inklusive LULUCF, inklusive internationella transporter)",23597.3,23132.9,22604.0,23332.3,23465.4,23095.4,23153.3,23212.7,23397.4,22713.1,22435.6,22034.9,21604.9,21539.9,21619.5,21274.4,21099.9,20604.5,20749.7,20099.9,20718.5,19504.1,19212.8,19348.5,19624.4,19885.1,19917.0,20712.0,20098.7,20101.6,20232.9
"Lustgas (N2O) (t)","ARBETSMASKINER, TOTALT",171.6,179.8,181.0,161.1,152.9,149.1,149.9,146.8,140.4,136.3,135.0,128.1,129.6,128.5,127.3,125.1,127.0,126.0,123.8,126.0,123.8,127.1,128.8,130.1,132.2,134.6,137.6,141.8,145.8,151.2,158.6
"Lustgas (N2O) (t)","AVFALL, TOTALT",777.5,781.4,784.7,793.8,803.4,819.5,803.7,789.3,781.8,784.1,786.8,782.0,779.9,788.3,786.3,840.4,840.2,848.1,860.7,873.6,857.6,886.6,851.7,837.9,821.9,800.1,800.6,793.6,766.9,764.1,758.5
"Lustgas (N2O) (t)","EL OCH FJÄRRVÄRME, TOTALT",395.9,483.6,506.0,534.2,535.8,559.4,600.6,476.5,511.7,483.9,473.0,550.6,594.0,633.7,716.9,740.2,758.9,788.2,815.5,862.3,947.9,831.6,808.2,863.8,770.4,809.0,777.9,824.7,835.5,772.6,615.9
"Lustgas (N2O) (t)","INDUSTRI, TOTALT",3335.9,3508.5,3424.4,3360.1,3313.4,3089.9,2978.7,2960.4,3234.4,2925.2,2790.6,2361.9,2181.7,2120.3,2106.2,2116.1,2228.0,1521.2,1596.3,1694.1,1754.3,850.5,942.7,895.1,898.9,833.5,899.8,876.9,822.3,822.1,721.9
"Lustgas (N2O) (t)","INRIKES TRANSPORTER, TOTALT",586.8,581.7,631.7,675.2,674.5,730.0,717.7,749.7,683.6,707.5,495.1,450.7,422.4,402.4,386.8,383.0,372.9,363.8,373.0,376.4,401.1,412.5,449.6,472.3,498.9,538.6,587.8,614.7,652.2,648.4,617.1
"Lustgas (N2O) (t)","UTRIKES TRANSPORTER, TOTALT",187.6,191.4,205.7,210.9,241.4,245.2,259.2,301.7,347.8,352.0,345.4,335.6,295.3,366.9,417.5,434.1,459.0,459.7,456.4,462.6,448.9,402.4,386.9,373.6,400.5,427.6,463.9,523.6,428.6,484.2,483.2
"Lustgas (N2O) (t)","JORDBRUK, TOTALT",13311.0,12628.4,12081.8,12781.9,12972.5,12613.7,12702.1,12868.7,12781.4,12406.6,12499.1,12543.9,12278.5,12137.8,12092.4,11702.1,11433.4,11608.3,11745.8,11057.7,11423.0,11497.8,11307.8,11497.2,11768.6,11889.1,11775.3,12221.7,11673.4,11667.7,12098.2
"Lustgas (N2O) (t)","LÖSNINGSMEDEL OCH ÖVRIG PRODUKTANVÄNDNING, TOTALT",291.0,287.3,347.0,346.0,309.0,399.0,443.0,457.0,465.0,434.0,394.0,382.0,410.1,439.9,471.5,440.2,423.5,370.8,396.9,350.0,404.1,317.1,309.8,258.2,286.8,296.5,255.9,392.4,297.3,297.3,297.3
"Lustgas (N2O) (t)","EGEN UPPVÄRMNING AV BOSTÄDER OCH LOKALER, TOTALT",491.5,490.2,455.2,463.0,450.1,442.9,445.1,409.9,379.3,366.4,366.8,336.4,334.9,350.3,337.2,315.9,283.6,295.7,287.9,297.0,293.9,293.8,287.6,274.0,255.8,254.1,259.7,263.0,229.5,225.2,224.8
"Lustgas (N2O) (t)","MARKANVÄNDNING, FÖRÄNDRAD MARKANVÄNDNING OCH SKOGSBRUK (LULUCF), TOTALT",4048.4,4000.6,3986.6,4006.2,4012.4,4046.7,4053.4,4052.6,4072.0,4117.1,4149.6,4163.9,4178.5,4171.7,4177.4,4177.5,4173.4,4222.6,4093.3,4000.2,4064.0,3884.7,3739.8,3746.3,3790.4,3902.0,3958.3,4059.7,4247.1,4268.9,4257.4
"Lustgas (N2O) (kt CO2-ekv.)","NATIONELL TOTAL (exklusive LULUCF, exklusive internationella transporter)",5769.7,5644.4,5486.7,5696.3,5725.1,5603.4,5614.5,5619.8,5655.3,5436.7,5346.3,5225.6,5105.1,5066.4,5073.3,4965.5,4907.3,4744.8,4827.6,4659.9,4829.3,4534.7,4495.7,4538.1,4599.2,4635.5,4617.4,4806.4,4596.1,4573.9,4616.7
"Lustgas (N2O) (kt CO2-ekv.)","NATIONELL TOTAL (exklusive LULUCF, inklusive internationella transporter)",5825.6,5701.4,5548.0,5759.2,5797.0,5676.5,5691.8,5709.7,5759.0,5541.6,5449.2,5325.6,5193.0,5175.7,5197.8,5094.9,5044.1,4881.8,4963.6,4797.7,4963.0,4654.6,4611.0,4649.5,4718.5,4763.0,4755.7,4962.4,4723.8,4718.1,4760.7
"Lustgas (N2O) (kt CO2-ekv.)","NATIONELL TOTAL (inklusive LULUCF, exklusive internationella transporter)",6976.1,6836.6,6674.7,6890.2,6920.8,6809.4,6822.4,6827.5,6868.8,6663.6,6582.9,6466.4,6350.3,6309.6,6318.2,6210.4,6151.0,6003.1,6047.4,5851.9,6040.3,5692.3,5610.1,5654.5,5728.7,5798.3,5797.0,6016.2,5861.7,5846.0,5885.4
"Lustgas (N2O) (kt CO2-ekv.)","NATIONELL TOTAL (inklusive LULUCF, inklusive internationella transporter)",7032.0,6893.6,6736.0,6953.0,6992.7,6882.4,6899.7,6917.4,6972.4,6768.5,6685.8,6566.4,6438.2,6418.9,6442.6,6339.8,6287.8,6140.1,6183.4,5989.8,6174.1,5812.2,5725.4,5765.9,5848.1,5925.8,5935.3,6172.2,5989.4,5990.3,6029.4
"Lustgas (N2O) (kt CO2-ekv.)","ARBETSMASKINER, TOTALT",51.1,53.6,53.9,48.0,45.6,44.4,44.7,43.7,41.8,40.6,40.2,38.2,38.6,38.3,37.9,37.3,37.9,37.5,36.9,37.5,36.9,37.9,38.4,38.8,39.4,40.1,41.0,42.3,43.5,45.0,47.3
"Lustgas (N2O) (kt CO2-ekv.)","AVFALL, TOTALT",231.7,232.8,233.8,236.5,239.4,244.2,239.5,235.2,233.0,233.7,234.5,233.0,232.4,234.9,234.3,250.4,250.4,252.7,256.5,260.3,255.6,264.2,253.8,249.7,244.9,238.4,238.6,236.5,228.5,227.7,226.0
"Lustgas (N2O) (kt CO2-ekv.)","EL OCH FJÄRRVÄRME, TOTALT",118.0,144.1,150.8,159.2,159.7,166.7,179.0,142.0,152.5,144.2,141.0,164.1,177.0,188.8,213.6,220.6,226.2,234.9,243.0,257.0,282.5,247.8,240.8,257.4,229.6,241.1,231.8,245.7,249.0,230.2,183.5
"Lustgas (N2O) (kt CO2-ekv.)","INDUSTRI, TOTALT",994.1,1045.5,1020.5,1001.3,987.4,920.8,887.6,882.2,963.8,871.7,831.6,703.8,650.1,631.8,627.7,630.6,663.9,453.3,475.7,504.9,522.8,253.5,280.9,266.7,267.9,248.4,268.1,261.3,245.0,245.0,215.1
"Lustgas (N2O) (kt CO2-ekv.)","INRIKES TRANSPORTER, TOTALT",174.9,173.3,188.2,201.2,201.0,217.5,213.9,223.4,203.7,210.8,147.5,134.3,125.9,119.9,115.3,114.1,111.1,108.4,111.1,112.2,119.5,122.9,134.0,140.8,148.7,160.5,175.2,183.2,194.3,193.2,183.9
"Lustgas (N2O) (kt CO2-ekv.)","UTRIKES TRANSPORTER, TOTALT",55.9,57.0,61.3,62.8,71.9,73.1,77.2,89.9,103.6,104.9,102.9,100.0,88.0,109.3,124.4,129.4,136.8,137.0,136.0,137.9,133.8,119.9,115.3,111.3,119.3,127.4,138.3,156.0,127.7,144.3,144.0
"Lustgas (N2O) (kt CO2-ekv.)","JORDBRUK, TOTALT",3966.7,3763.3,3600.4,3809.0,3865.8,3758.9,3785.2,3834.9,3808.8,3697.2,3724.7,3738.1,3659.0,3617.1,3603.5,3487.2,3407.1,3459.3,3500.2,3295.2,3404.0,3426.3,3369.7,3426.2,3507.0,3543.0,3509.0,3642.1,3478.7,3477.0,3605.3
"Lustgas (N2O) (kt CO2-ekv.)","LÖSNINGSMEDEL OCH ÖVRIG PRODUKTANVÄNDNING, TOTALT",86.7,85.6,103.4,103.1,92.1,118.9,132.0,136.2,138.6,129.3,117.4,113.8,122.2,131.1,140.5,131.2,126.2,110.5,118.3,104.3,120.4,94.5,92.3,76.9,85.5,88.4,76.3,116.9,88.6,88.6,88.6
"Lustgas (N2O) (kt CO2-ekv.)","EGEN UPPVÄRMNING AV BOSTÄDER OCH LOKALER, TOTALT",146.5,146.1,135.6,138.0,134.1,132.0,132.6,122.1,113.0,109.2,109.3,100.2,99.8,104.4,100.5,94.1,84.5,88.1,85.8,88.5,87.6,87.5,85.7,81.7,76.2,75.7,77.4,78.4,68.4,67.1,67.0
"Lustgas (N2O) (kt CO2-ekv.)","MARKANVÄNDNING, FÖRÄNDRAD MARKANVÄNDNING OCH SKOGSBRUK (LULUCF), TOTALT",1206.4,1192.2,1188.0,1193.8,1195.7,1205.9,1207.9,1207.7,1213.5,1226.9,1236.6,1240.8,1245.2,1243.2,1244.9,1244.9,1243.7,1258.3,1219.8,1192.1,1211.1,1157.6,1114.5,1116.4,1129.5,1162.8,1179.6,1209.8,1265.6,1272.1,1268.7
"Väte-fluor-kol-föreningar (HFCs) (kt CO2-ekv.)","NATIONELL TOTAL (exklusive LULUCF, exklusive internationella transporter)",6.5,11.1,12.8,30.2,73.3,135.8,226.9,371.9,483.4,639.0,769.6,852.0,934.6,1003.4,1085.1,1110.2,1135.0,1140.5,1155.9,1154.3,1133.8,1105.9,1087.9,1076.7,1103.1,1121.7,1138.5,1100.4,1043.2,991.1,938.6
"Väte-fluor-kol-föreningar (HFCs) (kt CO2-ekv.)","NATIONELL TOTAL (exklusive LULUCF, inklusive internationella transporter)",6.5,11.1,12.8,30.2,73.3,135.8,226.9,371.9,483.4,639.0,769.6,852.0,934.6,1003.4,1085.1,1110.2,1135.0,1140.5,1155.9,1154.3,1133.8,1105.9,1087.9,1076.7,1103.1,1121.7,1138.5,1100.4,1043.2,991.1,938.6
"Väte-fluor-kol-föreningar (HFCs) (kt CO2-ekv.)","NATIONELL TOTAL (inklusive LULUCF, exklusive internationella transporter)",6.5,11.1,12.8,30.2,73.3,135.8,226.9,371.9,483.4,639.0,769.6,852.0,934.6,1003.4,1085.1,1110.2,1135.0,1140.5,1155.9,1154.3,1133.8,1105.9,1087.9,1076.7,1103.1,1121.7,1138.5,1100.4,1043.2,991.1,938.6
"Väte-fluor-kol-föreningar (HFCs) (kt CO2-ekv.)","NATIONELL TOTAL (inklusive LULUCF, inklusive internationella transporter)",6.5,11.1,12.8,30.2,73.3,135.8,226.9,371.9,483.4,639.0,769.6,852.0,934.6,1003.4,1085.1,1110.2,1135.0,1140.5,1155.9,1154.3,1133.8,1105.9,1087.9,1076.7,1103.1,1121.7,1138.5,1100.4,1043.2,991.1,938.6
"Väte-fluor-kol-föreningar (HFCs) (kt CO2-ekv.)","ARBETSMASKINER, TOTALT",..,..,..,..,..,..,..,..,..,..,..,..,..,..,..,..,..,..,..,..,..,..,..,..,..,..,..,..,..,..,..
"Väte-fluor-kol-föreningar (HFCs) (kt CO2-ekv.)","AVFALL, TOTALT",..,..,..,..,..,..,..,..,..,..,..,..,..,..,..,..,..,..,..,..,..,..,..,..,..,..,..,..,..,..,..
"Väte-fluor-kol-föreningar (HFCs) (kt CO2-ekv.)","EL OCH FJÄRRVÄRME, TOTALT",..,..,..,..,..,..,..,..,..,..,..,..,..,..,..,..,..,..,..,..,..,..,..,..,..,..,..,..,..,..,..
"Väte-fluor-kol-föreningar (HFCs) (kt CO2-ekv.)","INDUSTRI, TOTALT",..,0.2,0.2,0.3,0.5,0.5,0.7,0.5,0.6,0.2,0.2,0.4,0.5,0.2,0.1,..,..,..,..,..,..,..,0.3,0.2,..,..,..,0.3,0.4,1.0,0.6
"Väte-fluor-kol-föreningar (HFCs) (kt CO2-ekv.)","INRIKES TRANSPORTER, TOTALT",..,..,..,..,..,..,..,..,..,..,..,..,..,..,..,..,..,..,..,..,..,..,..,..,..,..,..,..,..,..,..
"Väte-fluor-kol-föreningar (HFCs) (kt CO2-ekv.)","UTRIKES TRANSPORTER, TOTALT",..,..,..,..,..,..,..,..,..,..,..,..,..,..,..,..,..,..,..,..,..,..,..,..,..,..,..,..,..,..,..
"Väte-fluor-kol-föreningar (HFCs) (kt CO2-ekv.)","JORDBRUK, TOTALT",..,..,..,..,..,..,..,..,..,..,..,..,..,..,..,..,..,..,..,..,..,..,..,..,..,..,..,..,..,..,..
"Väte-fluor-kol-föreningar (HFCs) (kt CO2-ekv.)","LÖSNINGSMEDEL OCH ÖVRIG PRODUKTANVÄNDNING, TOTALT",6.5,10.9,12.6,29.9,72.8,135.3,226.1,371.4,482.9,638.7,769.4,851.6,934.2,1003.2,1085.1,1110.2,1135.0,1140.5,1155.9,1154.3,1133.8,1105.9,1087.7,1076.5,1103.1,1121.7,1138.5,1100.1,1042.8,990.0,938.0
"Väte-fluor-kol-föreningar (HFCs) (kt CO2-ekv.)","EGEN UPPVÄRMNING AV BOSTÄDER OCH LOKALER, TOTALT",..,..,..,..,..,..,..,..,..,..,..,..,..,..,..,..,..,..,..,..,..,..,..,..,..,..,..,..,..,..,..
"Väte-fluor-kol-föreningar (HFCs) (kt CO2-ekv.)","MARKANVÄNDNING, FÖRÄNDRAD MARKANVÄNDNING OCH SKOGSBRUK (LULUCF), TOTALT",..,..,..,..,..,..,..,..,..,..,..,..,..,..,..,..,..,..,..,..,..,..,..,..,..,..,..,..,..,..,..
"Fluor-kol-föreningar (PFCs) (kt CO2-ekv.)","NATIONELL TOTAL (exklusive LULUCF, exklusive internationella transporter)",568.8,573.8,389.5,453.2,485.1,532.3,469.7,433.7,420.8,454.2,375.9,368.9,407.5,404.9,401.0,406.3,392.2,400.1,350.2,48.7,187.8,215.1,78.7,51.2,82.0,35.1,31.2,36.6,61.9,49.4,65.2
"Fluor-kol-föreningar (PFCs) (kt CO2-ekv.)","NATIONELL TOTAL (exklusive LULUCF, inklusive internationella transporter)",568.8,573.8,389.5,453.2,485.1,532.3,469.7,433.7,420.8,454.2,375.9,368.9,407.5,404.9,401.0,406.3,392.2,400.1,350.2,48.7,187.8,215.1,78.7,51.2,82.0,35.1,31.2,36.6,61.9,49.4,65.2
"Fluor-kol-föreningar (PFCs) (kt CO2-ekv.)","NATIONELL TOTAL (inklusive LULUCF, exklusive internationella transporter)",568.8,573.8,389.5,453.2,485.1,532.3,469.7,433.7,420.8,454.2,375.9,368.9,407.5,404.9,401.0,406.3,392.2,400.1,350.2,48.7,187.8,215.1,78.7,51.2,82.0,35.1,31.2,36.6,61.9,49.4,65.2
"Fluor-kol-föreningar (PFCs) (kt CO2-ekv.)","NATIONELL TOTAL (inklusive LULUCF, inklusive internationella transporter)",568.8,573.8,389.5,453.2,485.1,532.3,469.7,433.7,420.8,454.2,375.9,368.9,407.5,404.9,401.0,406.3,392.2,400.1,350.2,48.7,187.8,215.1,78.7,51.2,82.0,35.1,31.2,36.6,61.9,49.4,65.2
"Fluor-kol-föreningar (PFCs) (kt CO2-ekv.)","ARBETSMASKINER, TOTALT",..,..,..,..,..,..,..,..,..,..,..,..,..,..,..,..,..,..,..,..,..,..,..,..,..,..,..,..,..,..,..
"Fluor-kol-föreningar (PFCs) (kt CO2-ekv.)","AVFALL, TOTALT",..,..,..,..,..,..,..,..,..,..,..,..,..,..,..,..,..,..,..,..,..,..,..,..,..,..,..,..,..,..,..
"Fluor-kol-föreningar (PFCs) (kt CO2-ekv.)","EL OCH FJÄRRVÄRME, TOTALT",..,..,..,..,..,..,..,..,..,..,..,..,..,..,..,..,..,..,..,..,..,..,..,..,..,..,..,..,..,..,..
"Fluor-kol-föreningar (PFCs) (kt CO2-ekv.)","INDUSTRI, TOTALT",568.8,573.8,389.5,453.2,485.1,532.0,468.0,430.8,417.5,450.3,371.4,364.3,402.0,398.7,394.9,400.9,382.1,385.6,335.8,39.4,184.4,212.8,76.9,49.8,80.9,34.2,30.5,36.1,61.6,49.3,65.2
"Fluor-kol-föreningar (PFCs) (kt CO2-ekv.)","INRIKES TRANSPORTER, TOTALT",..,..,..,..,..,..,..,..,..,..,..,..,..,..,..,..,..,..,..,..,..,..,..,..,..,..,..,..,..,..,..
"Fluor-kol-föreningar (PFCs) (kt CO2-ekv.)","UTRIKES TRANSPORTER, TOTALT",..,..,..,..,..,..,..,..,..,..,..,..,..,..,..,..,..,..,..,..,..,..,..,..,..,..,..,..,..,..,..
"Fluor-kol-föreningar (PFCs) (kt CO2-ekv.)","JORDBRUK, TOTALT",..,..,..,..,..,..,..,..,..,..,..,..,..,..,..,..,..,..,..,..,..,..,..,..,..,..,..,..,..,..,..
"Fluor-kol-föreningar (PFCs) (kt CO2-ekv.)","LÖSNINGSMEDEL OCH ÖVRIG PRODUKTANVÄNDNING, TOTALT",..,..,..,..,..,0.4,1.7,3.0,3.3,3.9,4.6,4.5,5.5,6.2,6.2,5.5,10.1,14.6,14.4,9.2,3.4,2.3,1.8,1.4,1.1,0.9,0.7,0.5,0.3,0.1,..
"Fluor-kol-föreningar (PFCs) (kt CO2-ekv.)","EGEN UPPVÄRMNING AV BOSTÄDER OCH LOKALER, TOTALT",..,..,..,..,..,..,..,..,..,..,..,..,..,..,..,..,..,..,..,..,..,..,..,..,..,..,..,..,..,..,..
"Fluor-kol-föreningar (PFCs) (kt CO2-ekv.)","MARKANVÄNDNING, FÖRÄNDRAD MARKANVÄNDNING OCH SKOGSBRUK (LULUCF), TOTALT",..,..,..,..,..,..,..,..,..,..,..,..,..,..,..,..,..,..,..,..,..,..,..,..,..,..,..,..,..,..,..
"Svavelhexafluorid (SF6) (kg)","NATIONELL TOTAL (exklusive LULUCF, exklusive internationella transporter)",4461.8,4504.0,4498.9,4357.3,4665.5,5929.2,5126.1,6999.8,4878.0,5316.4,5209.5,5384.9,5245.6,3733.7,4153.0,6648.7,4940.2,6025.4,3195.3,3070.7,2783.2,2431.6,2330.3,1844.7,2012.2,2330.5,2520.3,2009.2,1446.6,1497.0,1707.5
"Svavelhexafluorid (SF6) (kg)","NATIONELL TOTAL (exklusive LULUCF, inklusive internationella transporter)",4461.8,4504.0,4498.9,4357.3,4665.5,5929.2,5126.1,6999.8,4878.0,5316.4,5209.5,5384.9,5245.6,3733.7,4153.0,6648.7,4940.2,6025.4,3195.3,3070.7,2783.2,2431.6,2330.3,1844.7,2012.2,2330.5,2520.3,2009.2,1446.6,1497.0,1707.5
"Svavelhexafluorid (SF6) (kg)","NATIONELL TOTAL (inklusive LULUCF, exklusive internationella transporter)",4461.8,4504.0,4498.9,4357.3,4665.5,5929.2,5126.1,6999.8,4878.0,5316.4,5209.5,5384.9,5245.6,3733.7,4153.0,6648.7,4940.2,6025.4,3195.3,3070.7,2783.2,2431.6,2330.3,1844.7,2012.2,2330.5,2520.3,2009.2,1446.6,1497.0,1707.5
"Svavelhexafluorid (SF6) (kg)","NATIONELL TOTAL (inklusive LULUCF, inklusive internationella transporter)",4461.8,4504.0,4498.9,4357.3,4665.5,5929.2,5126.1,6999.8,4878.0,5316.4,5209.5,5384.9,5245.6,3733.7,4153.0,6648.7,4940.2,6025.4,3195.3,3070.7,2783.2,2431.6,2330.3,1844.7,2012.2,2330.5,2520.3,2009.2,1446.6,1497.0,1707.5
"Svavelhexafluorid (SF6) (kg)","ARBETSMASKINER, TOTALT",..,..,..,..,..,..,..,..,..,..,..,..,..,..,..,..,..,..,..,..,..,..,..,..,..,..,..,..,..,..,..
"Svavelhexafluorid (SF6) (kg)","AVFALL, TOTALT",..,..,..,..,..,..,..,..,..,..,..,..,..,..,..,..,..,..,..,..,..,..,..,..,..,..,..,..,..,..,..
"Svavelhexafluorid (SF6) (kg)","EL OCH FJÄRRVÄRME, TOTALT",..,..,..,..,..,..,..,..,..,..,..,..,..,..,..,..,..,..,..,..,..,..,..,..,..,..,..,..,..,..,..
"Svavelhexafluorid (SF6) (kg)","INDUSTRI, TOTALT",1000.0,1033.8,1033.8,1033.8,1167.5,1204.0,1404.0,1839.1,1670.2,1668.9,2268.9,2440.8,2835.2,1555.7,1737.5,4178.1,3219.1,4735.2,2001.3,1222.4,1433.6,1098.8,1072.0,490.9,690.7,755.4,868.4,563.4,..,..,..
"Svavelhexafluorid (SF6) (kg)","INRIKES TRANSPORTER, TOTALT",..,..,..,..,..,..,..,..,..,..,..,..,..,..,..,..,..,..,..,..,..,..,..,..,..,..,..,..,..,..,..
"Svavelhexafluorid (SF6) (kg)","UTRIKES TRANSPORTER, TOTALT",..,..,..,..,..,..,..,..,..,..,..,..,..,..,..,..,..,..,..,..,..,..,..,..,..,..,..,..,..,..,..
"Svavelhexafluorid (SF6) (kg)","JORDBRUK, TOTALT",..,..,..,..,..,..,..,..,..,..,..,..,..,..,..,..,..,..,..,..,..,..,..,..,..,..,..,..,..,..,..
"Svavelhexafluorid (SF6) (kg)","LÖSNINGSMEDEL OCH ÖVRIG PRODUKTANVÄNDNING, TOTALT",3461.8,3470.3,3465.2,3323.6,3498.0,4725.3,3722.2,5160.7,3207.8,3647.5,2940.7,2944.1,2410.4,2178.1,2415.5,2470.7,1721.1,1290.2,1194.0,1848.3,1349.6,1332.8,1258.3,1353.8,1321.5,1575.1,1651.9,1445.8,1446.6,1497.0,1707.5
"Svavelhexafluorid (SF6) (kg)","EGEN UPPVÄRMNING AV BOSTÄDER OCH LOKALER, TOTALT",..,..,..,..,..,..,..,..,..,..,..,..,..,..,..,..,..,..,..,..,..,..,..,..,..,..,..,..,..,..,..
"Svavelhexafluorid (SF6) (kg)","MARKANVÄNDNING, FÖRÄNDRAD MARKANVÄNDNING OCH SKOGSBRUK (LULUCF), TOTALT",..,..,..,..,..,..,..,..,..,..,..,..,..,..,..,..,..,..,..,..,..,..,..,..,..,..,..,..,..,..,..
"Svavelhexafluorid (SF6) (kt CO2-ekv.)","NATIONELL TOTAL (exklusive LULUCF, exklusive internationella transporter)",101.7,102.7,102.6,99.3,106.4,135.2,116.9,159.6,111.2,121.2,118.8,122.8,119.6,85.1,94.7,151.6,112.6,137.4,72.9,70.0,63.5,55.4,53.1,42.1,45.9,53.1,57.5,45.8,33.0,34.1,38.9
"Svavelhexafluorid (SF6) (kt CO2-ekv.)","NATIONELL TOTAL (exklusive LULUCF, inklusive internationella transporter)",101.7,102.7,102.6,99.3,106.4,135.2,116.9,159.6,111.2,121.2,118.8,122.8,119.6,85.1,94.7,151.6,112.6,137.4,72.9,70.0,63.5,55.4,53.1,42.1,45.9,53.1,57.5,45.8,33.0,34.1,38.9
"Svavelhexafluorid (SF6) (kt CO2-ekv.)","NATIONELL TOTAL (inklusive LULUCF, exklusive internationella transporter)",101.7,102.7,102.6,99.3,106.4,135.2,116.9,159.6,111.2,121.2,118.8,122.8,119.6,85.1,94.7,151.6,112.6,137.4,72.9,70.0,63.5,55.4,53.1,42.1,45.9,53.1,57.5,45.8,33.0,34.1,38.9
"Svavelhexafluorid (SF6) (kt CO2-ekv.)","NATIONELL TOTAL (inklusive LULUCF, inklusive internationella transporter)",101.7,102.7,102.6,99.3,106.4,135.2,116.9,159.6,111.2,121.2,118.8,122.8,119.6,85.1,94.7,151.6,112.6,137.4,72.9,70.0,63.5,55.4,53.1,42.1,45.9,53.1,57.5,45.8,33.0,34.1,38.9
"Svavelhexafluorid (SF6) (kt CO2-ekv.)","ARBETSMASKINER, TOTALT",..,..,..,..,..,..,..,..,..,..,..,..,..,..,..,..,..,..,..,..,..,..,..,..,..,..,..,..,..,..,..
"Svavelhexafluorid (SF6) (kt CO2-ekv.)","AVFALL, TOTALT",..,..,..,..,..,..,..,..,..,..,..,..,..,..,..,..,..,..,..,..,..,..,..,..,..,..,..,..,..,..,..
"Svavelhexafluorid (SF6) (kt CO2-ekv.)","EL OCH FJÄRRVÄRME, TOTALT",..,..,..,..,..,..,..,..,..,..,..,..,..,..,..,..,..,..,..,..,..,..,..,..,..,..,..,..,..,..,..
"Svavelhexafluorid (SF6) (kt CO2-ekv.)","INDUSTRI, TOTALT",22.8,23.6,23.6,23.6,26.6,27.5,32.0,41.9,38.1,38.0,51.7,55.7,64.6,35.5,39.6,95.3,73.4,108.0,45.6,27.9,32.7,25.1,24.4,11.2,15.7,17.2,19.8,12.8,..,..,..
"Svavelhexafluorid (SF6) (kt CO2-ekv.)","INRIKES TRANSPORTER, TOTALT",..,..,..,..,..,..,..,..,..,..,..,..,..,..,..,..,..,..,..,..,..,..,..,..,..,..,..,..,..,..,..
"Svavelhexafluorid (SF6) (kt CO2-ekv.)","UTRIKES TRANSPORTER, TOTALT",..,..,..,..,..,..,..,..,..,..,..,..,..,..,..,..,..,..,..,..,..,..,..,..,..,..,..,..,..,..,..
"Svavelhexafluorid (SF6) (kt CO2-ekv.)","JORDBRUK, TOTALT",..,..,..,..,..,..,..,..,..,..,..,..,..,..,..,..,..,..,..,..,..,..,..,..,..,..,..,..,..,..,..
"Svavelhexafluorid (SF6) (kt CO2-ekv.)","LÖSNINGSMEDEL OCH ÖVRIG PRODUKTANVÄNDNING, TOTALT",78.9,79.1,79.0,75.8,79.8,107.7,84.9,117.7,73.1,83.2,67.0,67.1,55.0,49.7,55.1,56.3,39.2,29.4,27.2,42.1,30.8,30.4,28.7,30.9,30.1,35.9,37.7,33.0,33.0,34.1,38.9
"Svavelhexafluorid (SF6) (kt CO2-ekv.)","EGEN UPPVÄRMNING AV BOSTÄDER OCH LOKALER, TOTALT",..,..,..,..,..,..,..,..,..,..,..,..,..,..,..,..,..,..,..,..,..,..,..,..,..,..,..,..,..,..,..
"Svavelhexafluorid (SF6) (kt CO2-ekv.)","MARKANVÄNDNING, FÖRÄNDRAD MARKANVÄNDNING OCH SKOGSBRUK (LULUCF), TOTALT",..,..,..,..,..,..,..,..,..,..,..,..,..,..,..,..,..,..,..,..,..,..,..,..,..,..,..,..,..,..,..
